<?xml version="1.0" encoding="UTF-8"?>
<project-private xmlns="http://www.netbeans.org/ns/project-private/1">
    <editor-bookmarks xmlns="http://www.netbeans.org/ns/editor-bookmarks/2" lastBookmarkId="0"/>
    <open-files xmlns="http://www.netbeans.org/ns/projectui-open-files/2">
        <group>
            <file>file:/home/carlos/NetBeansProjects/JavaSEMarzo/Clase13/src/ar/com/eduit/curso/java/utils/file/I_File.java</file>
            <file>file:/home/carlos/NetBeansProjects/JavaSEMarzo/Clase13/src/ar/com/eduit/curso/java/docs/Files.png</file>
            <file>file:/home/carlos/NetBeansProjects/JavaSEMarzo/Clase13/src/ar/com/eduit/curso/java/docs/Writers.png</file>
            <file>file:/home/carlos/NetBeansProjects/JavaSEMarzo/Clase13/src/ar/com/eduit/curso/java/utils/file/FileText.java</file>
            <file>file:/home/carlos/NetBeansProjects/JavaSEMarzo/Clase13/texto.txt</file>
            <file>file:/home/carlos/NetBeansProjects/JavaSEMarzo/Clase13/src/ar/com/eduit/curso/java/docs/Stream.png</file>
            <file>file:/home/carlos/NetBeansProjects/JavaSEMarzo/Clase13/src/ar/com/eduit/curso/java/test/FileTestApp.java</file>
        </group>
    </open-files>
</project-private>
